Organism,Speed,x,y
Twitching motility,1,336.180503865796,240.99515948782613
Twitching motility,1,500.4092915166774,-49.84250376932252
Twitching motility,1,171.12136693574112,237.1610995443578
Twitching motility,1,55.50466143887096,-89.52358148873142
Twitching motility,1,41.592981348949245,372.7787935771734
Twitching motility,1,-298.8491961941458,-613.6585626859217
Twitching motility,1,-47.36794958800342,207.69438107732483
Twitching motility,1,-173.83320732509253,94.64353154458816
Twitching motility,1,40.972738719306705,94.93384203626873
Twitching motility,1,363.03901304301843,-38.68935828664733
Twitching motility,1,66.8302151586121,210.7037343710476
Twitching motility,1,-129.85531051840678,-440.0371175359997
Twitching motility,1,-136.66970948395783,210.2635025113855
Twitching motility,1,-17.54217647753418,668.2343327326638
Twitching motility,1,-177.51822536835746,152.56735771387167
Twitching motility,1,316.2178454030207,-292.50643044510645
Twitching motility,1,-314.78048407629905,114.02177035191353
Twitching motility,1,-106.28921559364063,-584.9398105080897
Twitching motility,1,160.93083316145953,623.5342697278971
Twitching motility,1,246.01597515094974,391.6302656901838
Twitching motility,1,-104.6683506484926,185.37937964086376
Twitching motility,1,178.56991609417582,172.84935093707287
Twitching motility,1,160.28453022115352,-337.45466277637024
Twitching motility,1,-684.3514963840651,40.11539461255146
Twitching motility,1,184.85612757408853,-93.9071354177449
Twitching motility,1,-278.5599342631506,401.14740485724985
Twitching motility,1,380.6132855208653,448.57445446997656
Twitching motility,1,-116.8468705793631,-354.1650549310845
Twitching motility,1,265.0370175560579,184.65850179772562
Twitching motility,1,211.75529915026925,-389.36154244427433
Twitching motility,1,214.0039179354301,-49.01210792862676
Twitching motility,1,301.3666677384877,186.86953522061015
Twitching motility,1,-18.509870518664556,-134.69233325909798
Twitching motility,1,102.3352088978402,370.10170304563
Twitching motility,1,-245.90022344800536,-387.2486542316554
Twitching motility,1,-181.30418929735427,-283.3425643759861
Twitching motility,1,-58.679380704768136,-100.07676673018646
Twitching motility,1,88.87859298455402,-522.2300222897429
Twitching motility,1,233.57877691032547,415.2282336956121
Twitching motility,1,598.6529257133716,-323.84156771675157
Twitching motility,1,-86.11727722986022,24.503401771669964
Twitching motility,1,-244.95082894642294,-500.03244136090854
Twitching motility,1,-495.25435375772787,219.0213583830148
Twitching motility,1,276.7211936491492,-250.28743525049472
Twitching motility,1,-41.4732991697502,59.42028001193316
Twitching motility,1,516.433609405776,370.1633395899624
Twitching motility,1,-189.99675319479877,426.969898930595
Twitching motility,1,-219.83582827390777,749.1480568048132
Twitching motility,1,-506.6120354929132,132.75146098071878
Twitching motility,1,-260.44461744780443,134.2237138360768
Twitching motility,1,-112.37850557829867,-322.333998097856
Twitching motility,1,-222.25838817721993,-1.828934421463
Twitching motility,1,128.71516867460036,52.96030543547288
Twitching motility,1,167.43704070905568,-147.82302846686815
Twitching motility,1,249.6154314522453,315.32996631892155
Twitching motility,1,-165.84573517055816,12.057968962338485
Twitching motility,1,89.71971034030992,-182.13508385140833
Twitching motility,1,-477.3770953155241,386.9699029305692
Twitching motility,1,-75.4414739804916,-288.60151874683254
Twitching motility,1,-202.6767993652583,-289.8961948538667
Twitching motility,1,47.03488577738004,109.66149969835146
Twitching motility,1,-183.06289422823616,380.8373381812234
Twitching motility,1,402.84575421348643,-53.031897675749704
Twitching motility,1,-216.78509787264318,17.24297668623676
Twitching motility,1,-50.79033279492436,288.30306365357694
Twitching motility,1,-131.62626129978764,-242.55603854824682
Twitching motility,1,167.66942796085314,-58.55914635099307
Twitching motility,1,52.56995114317359,219.2751386810658
Twitching motility,1,39.63487463449939,419.3978500527799
Twitching motility,1,-348.05530538212304,38.73569752899686
Twitching motility,1,289.1601285238547,-280.40588412131615
Twitching motility,1,-474.164730801765,-107.21054856612821
Twitching motility,1,-168.00871753392693,88.45590474432029
Twitching motility,1,-55.552922070378855,-375.9625938661431
Twitching motility,1,-407.8480879848314,306.74618155675364
Twitching motility,1,115.68261324678886,200.17915129817666
Twitching motility,1,477.0852777984269,-375.98848531636827
Twitching motility,1,-284.0676145571868,6.169430024075447
Twitching motility,1,420.61930963456655,-238.8513833675125
Twitching motility,1,64.89790032253208,-335.6344267838343
Twitching motility,1,173.92163382325867,-252.55045087496063
Twitching motility,1,-114.87261049188501,516.9476087528083
Twitching motility,1,-32.78108180479979,216.40848802858017
Twitching motility,1,91.09014895922483,-116.53408087960206
Twitching motility,1,-226.72633905196489,209.9999577289854
Twitching motility,1,-103.9177213453767,296.512097836072
Twitching motility,1,428.78105952890866,-187.60328304972106
Twitching motility,1,273.8553693673448,-696.0968166676668
Twitching motility,1,373.5188672655679,-254.42767767686558
Twitching motility,1,-292.4169651867475,71.68859870591561
Twitching motility,1,287.0890668463011,164.18750609945633
Twitching motility,1,239.5945242880414,-464.147294680701
Twitching motility,1,-35.72840770522543,221.14495942659084
Twitching motility,1,132.7575989733077,-324.76093218438996
Twitching motility,1,-349.5310706401365,146.13438585367777
Twitching motility,1,-235.68565329966899,-145.44113335499497
Twitching motility,1,-182.67589326345822,-194.0906538104263
Twitching motility,1,122.59684089416993,73.2101588969202
Twitching motility,1,-264.03850553079155,400.3504244339855
Twitching motility,1,-24.892415313036274,5.194652457281146
Twitching motility,1,433.1341560297891,431.3674661753858
Twitching motility,1,681.4346554104369,80.9194485723584
Twitching motility,1,-144.02261219427987,-156.29261687679997
Twitching motility,1,160.87176607493063,-418.981551178888
Twitching motility,1,78.95122174807717,-211.05200366457117
Twitching motility,1,156.75846965653375,5.139444252004369
Twitching motility,1,35.79152377257293,106.85196731544143
Twitching motility,1,187.81516248927085,474.33483079768905
Twitching motility,1,138.94956436571965,-227.08550907154424
Twitching motility,1,4.074513750090924,476.12047688340965
Twitching motility,1,215.16503150582622,350.43712300130727
Twitching motility,1,9.070707071917383,-322.82192105077434
Twitching motility,1,27.670253608381977,220.02399176312767
Twitching motility,1,-282.2168432432241,-47.226183272461434
Twitching motility,1,510.03185170972694,297.78778453806694
Twitching motility,1,53.53146305566926,398.46568620864616
Twitching motility,1,-80.59824173418697,77.55524447211546
Twitching motility,1,-356.93278764119395,107.91056659707245
Twitching motility,1,-282.5906506040145,-104.81268591546134
Twitching motility,1,250.7145862153504,-75.06417785449592
Twitching motility,1,-187.5917533187246,722.5501071240673
Twitching motility,1,54.77301533714792,426.1124771764007
Twitching motility,1,-246.36242560611038,42.230319222712815
Twitching motility,1,17.01070871810777,111.32148528362616
Twitching motility,1,550.9685874148212,-47.8628557385921
Twitching motility,1,180.89886536036178,214.2568188205175
Twitching motility,1,139.92342681255508,-389.48198488247573
Twitching motility,1,-270.70364243184474,-236.1252327149839
Twitching motility,1,0.9471530790287886,78.2346595890082
Twitching motility,1,396.16702981829974,121.4966880592384
Twitching motility,1,-281.7387830999596,84.22373099030762
Twitching motility,1,76.41061752446257,262.6630888569022
Twitching motility,1,58.25390840755365,176.27554285012803
Twitching motility,1,-255.23040007870782,-535.9386378654071
Twitching motility,1,-58.579943218447305,59.72311353078971
Twitching motility,1,140.17519442113138,15.601902915515376
Twitching motility,1,-160.3636427994293,287.7891293756526
Twitching motility,1,-499.8574965120817,639.5134273557679
Twitching motility,1,562.7488934620859,-74.1952549277618
Twitching motility,1,98.15950289586108,-523.2147738396621
Twitching motility,1,37.54961650387024,117.40843076340461
Twitching motility,1,391.2915813053353,-521.2889232078602
Twitching motility,1,-342.3163991477478,144.2138572685291
Twitching motility,1,5.705801183963552,221.75368849189326
Twitching motility,1,-193.25638962342916,-237.3327571991517
Twitching motility,1,-142.733402949895,-109.31729175977361
Twitching motility,1,29.803329585739466,-309.99548717805015
Twitching motility,1,256.049041624719,-146.91017849943364
Twitching motility,1,582.0000960903676,113.40513451384074
Twitching motility,1,639.5147309908608,41.38488033864769
Twitching motility,1,-10.031507392310981,563.7544675938108
Twitching motility,1,499.1576059609756,-182.97424764938506
Twitching motility,1,-369.1031721084167,18.58409109351349
Twitching motility,1,-332.9131466573671,-414.933147205
Twitching motility,1,-151.7232451907927,242.45070049465895
Twitching motility,1,75.03604989812474,27.723734440223673
Twitching motility,1,-568.4093151374075,201.32612392900646
Twitching motility,1,15.034201882368835,-374.52931097407435
Twitching motility,1,-76.18517491835196,567.8248604685198
Twitching motility,1,289.5558235736583,-20.11991979251618
Twitching motility,1,288.27688668059176,-382.6532005939014
Twitching motility,1,-139.17473452281791,-266.48869773238164
Twitching motility,1,-109.91534770017505,-42.22669055500604
Twitching motility,1,-420.3905933890133,336.2860233426107
Twitching motility,1,315.5956638333161,230.52328887460365
Twitching motility,1,-80.83957686574334,-275.03916684471835
Twitching motility,1,-267.892159913961,-526.3906356914873
Twitching motility,1,-268.0214326236904,-161.83649107619198
Twitching motility,1,-81.1205250859972,-22.03278681992645
Twitching motility,1,320.4923299711158,-591.909220311564
Twitching motility,1,148.50033891541213,-176.0262485446915
Twitching motility,1,284.7692799595823,292.83701262038176
Twitching motility,1,466.9228706075028,-153.7297221868986
Twitching motility,1,170.59488629908975,-237.92846954928365
Twitching motility,1,-425.09313624234596,255.70426056908357
Twitching motility,1,242.47107581213194,207.54050868704195
Twitching motility,1,-147.01547775082034,-86.30103513919731
Twitching motility,1,236.18383886095992,-251.60223522786671
Twitching motility,1,468.84551544168875,-38.44514416685911
Twitching motility,1,430.81652505959084,484.75616566322117
Twitching motility,1,-289.78770423956877,85.87996403585538
Twitching motility,1,255.30616721880173,-85.39878465094738
Twitching motility,1,-181.70252496939935,-390.4578316781463
Twitching motility,1,-88.53419143008426,-126.50978669514633
Twitching motility,1,-97.8062013444438,-38.70036844838587
Twitching motility,1,-58.31736714513502,-304.9664322322482
Twitching motility,1,171.55241464150632,-368.3855358048688
Twitching motility,1,-257.7758893059847,-140.0149702239907
Twitching motility,1,-512.3560334367642,158.65161199701515
Twitching motility,1,560.6571105788745,-294.398403444598
Twitching motility,1,80.64870181679854,-675.7133443027275
Twitching motility,1,125.09218781194508,32.05580734400792
Twitching motility,1,-22.13851118785205,-113.20262749099062
Twitching motility,1,505.7236915765802,120.22141110103148
Twitching motility,1,154.9213401946154,166.48626900872821
Twitching motility,1,-414.9276592264124,234.24023137234835
Twitching motility,1,-208.02717993886355,511.87175181773074
Twitching motility,1,56.20995232541544,100.04093701411666
Twitching motility,1,71.21022797399787,-466.970235242175
Twitching motility,1,93.93008133853075,390.86681263494285
Twitching motility,1,-178.91234476763566,337.1684586291176
Twitching motility,1,-215.30227289183847,68.28621804746425
Twitching motility,1,-423.72953798060075,-75.55758203331314
Twitching motility,1,-167.91621672501444,-424.8768199969031
Twitching motility,1,-197.62828730140805,-218.4297555678536
Twitching motility,1,435.07316488498225,266.94945216630595
Twitching motility,1,100.73332984114407,326.872696106515
Twitching motility,1,123.12153606142581,259.04104215696464
Twitching motility,1,187.59444732821268,-431.1482976507132
Twitching motility,1,-25.230570439495033,321.7539991800018
Twitching motility,1,-3.3795082011840822,246.125641146671
Twitching motility,1,-143.0309549307514,13.51087219727477
Twitching motility,1,-125.81898441446475,-473.9790946340568
Twitching motility,1,-74.26395786503976,195.41443410601056
Twitching motility,1,-282.0254694572414,-218.46513208049885
Twitching motility,1,-0.9565197983825067,-149.31540704724753
Twitching motility,1,356.4355568414912,196.83822951968418
Twitching motility,1,-8.330367987504108,-193.83356111399854
Twitching motility,1,624.0441734715099,-79.7410016316888
Twitching motility,1,232.61329649905406,428.9889735568464
Twitching motility,1,-98.89238566969802,-130.4545821050918
Twitching motility,1,-452.40950203019116,5.425962236427813
Twitching motility,1,49.72786475245631,-22.933121949408736
Twitching motility,1,452.94792710857615,-70.97973011310314
Twitching motility,1,387.1767243060801,27.45932845645999
Twitching motility,1,601.1149972600405,287.8186648401818
Twitching motility,1,-80.11132702258033,152.3797236511026
Twitching motility,1,282.9201467877256,-160.30767285455067
Twitching motility,1,231.53509256702975,588.9618568091312
Twitching motility,1,77.21691696003737,-275.5119353669961
Twitching motility,1,393.2441502116938,-186.13796055499336
Twitching motility,1,432.8222889492285,-17.894687412266588
Twitching motility,1,342.5591354853142,265.81801918648915
Twitching motility,1,14.60541929303948,415.1770443796433
Twitching motility,1,386.02437563190614,136.10764619833034
Twitching motility,1,15.437389369404668,17.9176304578387
Twitching motility,1,624.4961295539525,-28.05792938774366
Twitching motility,1,103.71655293840654,248.36598059711633
Twitching motility,1,-314.56019137610787,498.8133588295954
Twitching motility,1,178.6166088324752,63.2147461837201
Twitching motility,1,177.88147216227867,113.52848673079795
Twitching motility,1,-33.56664166151972,-188.33391071453465
Twitching motility,1,-263.32976815845046,229.82068774313217
Twitching motility,1,-245.56344026662597,142.70141614154477
Twitching motility,1,119.12123258399839,-318.0010643717253
Twitching motility,1,-41.719039005487915,125.29906848783989
Twitching motility,1,-95.3076651596207,150.80194802610742
Twitching motility,1,-21.67231368473497,164.03156816559851
Twitching motility,1,-126.0207298735065,295.66491083396727
Twitching motility,1,-58.7853848924312,18.970675551220104
Twitching motility,1,-99.73209557557058,-167.75748479149664
Twitching motility,1,-505.67838647801574,60.43744417674127
Twitching motility,1,289.13718033159813,-169.87511386642774
Twitching motility,1,-104.13801545519374,650.6948560839301
Twitching motility,1,-288.9205824632912,-68.98499995582483
Twitching motility,1,-108.3842001884706,164.16141839064338
Twitching motility,1,304.8197505860083,-100.472964884353
Twitching motility,1,-234.06229019672273,72.69789995733252
Twitching motility,1,150.29711749521024,-652.0936474849512
Twitching motility,1,96.76273781786836,-159.96701255566086
Twitching motility,1,237.745168430326,-691.7947538301405
Twitching motility,1,-187.1388999385478,-175.17712855527412
Twitching motility,1,137.43510010437646,157.5599248818642
Twitching motility,1,-319.34716418363354,-46.93076153757612
Twitching motility,1,-477.417290497291,418.3000809514905
Twitching motility,1,-140.2774457143997,-375.5073760115445
Twitching motility,1,-70.68247752648055,-50.241559831568345
Twitching motility,1,-30.063738745622285,79.05635493079093
Twitching motility,1,359.09287535238485,385.6820236255206
Twitching motility,1,-374.7499357982922,-14.43284199974145
Twitching motility,1,-557.5618737010716,-8.75070521877362
Twitching motility,1,-27.004434526139107,6.97716954283535
Twitching motility,1,-267.8048893125963,38.2872076086449
Twitching motility,1,241.10970826517632,356.30284659736196
Twitching motility,1,491.44916110801034,384.0252155053257
Twitching motility,1,-393.615148472955,31.129547330037532
Twitching motility,1,-54.97019057912967,448.35561445190444
Twitching motility,1,-0.9139811267392044,202.3646271793981
Twitching motility,1,-215.31763230997248,20.076081908358706
Twitching motility,1,389.88958866139666,-458.58268151920277
Twitching motility,1,-126.92241563216443,-287.20848343002547
Twitching motility,1,-420.16903676410095,-335.12870768905447
Twitching motility,1,-225.85190497663328,5.0283215873791995
Twitching motility,1,170.06396934116913,67.83307799556138
Twitching motility,1,175.04577925658225,-358.6930013874787
Twitching motility,1,-230.10682056448016,313.0185998197807
Twitching motility,1,-89.9873275611574,377.8460446746245
Twitching motility,1,244.57009775191932,130.45303067487666
Twitching motility,1,154.99965773260496,-160.87271074498327
Twitching motility,1,366.78914061513274,-481.8632851298395
Twitching motility,1,-143.42175727716355,377.76315606868206
Twitching motility,1,134.8115852984398,52.73580101289886
Twitching motility,1,124.966406047963,-208.6826150110409
Twitching motility,1,-62.28910718265321,-157.62394243442859
Twitching motility,1,-329.73292600898066,-339.87505189198407
Twitching motility,1,97.6952128338243,-659.2463154446547
Twitching motility,1,-28.33313280851637,-816.7808992382677
Twitching motility,1,-23.355966677544366,-191.41749417800617
Twitching motility,1,159.1461848121049,-90.59549377943782
Twitching motility,1,64.79547949504243,-87.1639064193541
Twitching motility,1,-61.197619937286575,152.31627438701182
Twitching motility,1,222.09587844276763,-155.1316824859793
Twitching motility,1,279.46546471892987,-174.81581687010345
Twitching motility,1,165.79921029074652,45.53322684415964
Twitching motility,1,-138.49339025119744,107.42871422173008
Twitching motility,1,-285.6205992596253,-572.5010196957609
Twitching motility,1,-608.7872410457483,47.8846235308702
Twitching motility,1,77.28515333993562,329.33333893380114
Twitching motility,1,-477.3305256860419,-53.91388509517553
Twitching motility,1,305.08138125799985,-184.76776864035062
Twitching motility,1,283.97546827349805,97.59041267241096
Twitching motility,1,326.9206204608822,151.46512259924359
Twitching motility,1,-177.03482969175556,-386.79256607451384
Twitching motility,1,48.278819404172886,-199.75919106217685
Twitching motility,1,98.11886605736612,626.181649964899
Twitching motility,1,168.4782875954238,-765.4640907577344
Twitching motility,1,41.0542562452031,130.73239288985377
Twitching motility,1,249.3961771233713,-12.487226634590233
Twitching motility,1,-367.56029039197693,238.42790440293038
Twitching motility,1,-527.7680980059455,268.98312454215375
Twitching motility,1,-127.96063570784948,-2.0511930464695247
Twitching motility,1,-183.70608737648473,29.421641301082534
Twitching motility,1,-5.543883733482087,-9.557692460092051
Twitching motility,1,-398.58416700985657,-565.886874166946
Twitching motility,1,-243.7347287607791,23.50468256128425
Twitching motility,1,74.09716575331585,339.05322869557983
Twitching motility,1,-55.853484269412924,-293.40317283599
Twitching motility,1,20.363076607500048,22.326909152716823
Twitching motility,1,335.2362996155667,369.19171150003854
Twitching motility,1,-302.3113243988173,-22.014076854615222
Twitching motility,1,-375.65154916676374,359.8188834246919
Twitching motility,1,11.323052464769326,-101.38471757678437
Twitching motility,1,17.581705245038847,-166.79940942168767
Twitching motility,1,-233.98167842056367,-765.6115049017752
Twitching motility,1,254.48033357519643,285.4939286186117
Twitching motility,1,304.6840709989224,509.84172141405975
Twitching motility,1,269.7442177373409,202.56419045605327
Twitching motility,1,-101.40765147431632,-264.61537012730673
Twitching motility,1,-206.32651136216452,-306.3267396624763
Twitching motility,1,-186.44909989834073,157.3987325638812
Twitching motility,1,476.9005802950737,-216.29648326829678
Twitching motility,1,-125.00560623425523,568.2487586330201
Twitching motility,1,-236.95957772822845,-116.99692319009972
Twitching motility,1,-29.817159709704644,-31.829254192198302
Twitching motility,1,-138.82456293136104,-20.8216956003356
Twitching motility,1,-130.49517518178584,-554.9174196541063
Twitching motility,1,242.28248671260724,-110.37397611855916
Twitching motility,1,55.23596543585028,-74.91891487295008
Twitching motility,1,590.1552255700938,-195.82329340810313
Twitching motility,1,361.8808966901033,-211.25676021029025
Twitching motility,1,452.51118290662845,-9.236294237550423
Twitching motility,1,408.8531977734476,115.8842691976728
Twitching motility,1,42.19679243593883,210.2059526796977
Twitching motility,1,-356.02230208996036,-233.29800517607333
Twitching motility,1,-147.10856476037836,25.666083202244963
Twitching motility,1,-173.41948817800818,68.84458530699705
Twitching motility,1,-5.219921797521051,506.95129771878135
Twitching motility,1,138.74672074818272,-15.082731090402223
Twitching motility,1,17.201350891122935,77.903173479639
Twitching motility,1,-77.46652878399783,-32.97288201366292
Twitching motility,1,47.6631881355964,-157.58721647906697
Twitching motility,1,-285.8608185897049,113.27656207009491
Twitching motility,1,280.6121222360396,306.871258371913
Twitching motility,1,177.97668264064455,-679.1397935613802
Twitching motility,1,4.191882421313976,-86.73160257647179
Twitching motility,1,-326.44932009635943,-115.61753751663929
Twitching motility,1,505.8472417531601,360.8211978026189
Twitching motility,1,31.610087753379453,330.7252899530672
Twitching motility,1,-124.85441985141776,125.95463010760946
Twitching motility,1,-16.54811415846842,-249.9501889932118
Twitching motility,1,-125.34665142476688,-153.6850870284344
Twitching motility,1,-705.3360591523107,-64.92531174410938
Twitching motility,1,59.28405493102648,-99.5356828397811
Twitching motility,1,94.22479459697932,-106.47408152500901
Twitching motility,1,123.3953917851862,-165.12641790695932
Twitching motility,1,-317.6584821363742,-276.1483125778714
Twitching motility,1,-640.3717736358943,553.5118988620872
Twitching motility,1,-20.057060928852504,-219.01401994189862
Twitching motility,1,330.5515450331808,-111.13492900162173
Twitching motility,1,378.6559045120409,-368.67899581980254
Twitching motility,1,5.7074430669533,325.5342192254187
Twitching motility,1,36.86326583736973,13.026551941945462
Twitching motility,1,224.49434775251893,-490.2136601073176
Twitching motility,1,-5.735080205466652,122.22826588364569
Twitching motility,1,-116.82901218382496,-79.03487146853655
Twitching motility,1,217.33067953958385,-406.4953217307291
Twitching motility,1,331.08842017694855,491.01653788400836
Twitching motility,1,-256.4919483088563,-309.8602473061817
Twitching motility,1,-417.085827132113,297.0423441227647
Twitching motility,1,-363.03331265359816,-231.50461736075758
Twitching motility,1,186.50672294301495,40.685780044649846
Twitching motility,1,-388.81678594090806,70.02634592385593
Twitching motility,1,165.77788634575123,-305.41186381838
Twitching motility,1,77.09584434423003,177.1152865707067
Twitching motility,1,2.2077898747271356,-31.322744864719347
Twitching motility,1,-326.5349536080376,106.09034171102321
Twitching motility,1,-722.9650098780539,-229.6251248850194
Twitching motility,1,387.81601103407183,884.456376452115
Twitching motility,1,116.1310787470616,-225.23127727861294
Twitching motility,1,157.42246149221958,-13.12152237187876
Twitching motility,1,288.08271802269394,88.48057431902026
Twitching motility,1,855.4688825649597,288.9399252791387
Twitching motility,1,-34.396466917797284,-168.1981766766325
Twitching motility,1,44.023996365715554,-34.1242923062283
Twitching motility,1,151.51504584366813,-26.115609294919768
Twitching motility,1,79.26966385233095,415.82014364531346
Twitching motility,1,279.92883720108813,-127.60237062115698
Twitching motility,1,128.47243615361336,-29.446395910559353
Twitching motility,1,31.70864025978384,272.51603591605897
Twitching motility,1,-260.0499034524818,-300.4872983831951
Twitching motility,1,-292.1900741931181,-197.62126691238288
Twitching motility,1,-192.98767240005975,-232.36150524216984
Twitching motility,1,-208.62469787365416,207.2024332108771
Twitching motility,1,382.6814426983915,-211.15258563632887
Twitching motility,1,426.3411838317661,-358.8631894210259
Twitching motility,1,-182.9495358699029,-129.46421869856658
Twitching motility,1,220.9951666615492,-206.75016854324394
Twitching motility,1,99.28789813436062,269.2939902781765
Twitching motility,1,-29.92974135560052,-176.43626520679575
Twitching motility,1,156.05511932495935,-1.012934102905893
Twitching motility,1,-275.8399569015333,13.081946288856953
Twitching motility,1,-96.83189869811898,-81.63242931006106
Twitching motility,1,-328.4337574484552,279.23856356423676
Twitching motility,1,347.11864602860015,-603.2823099444122
Twitching motility,1,-264.53401204081854,421.9171136803371
Twitching motility,1,343.46260917560767,364.71174980937775
Twitching motility,1,89.13399505573122,-159.68018344702452
Twitching motility,1,116.21202444327375,-50.726625654314574
Twitching motility,1,-55.4371856261438,-918.48262888758
Twitching motility,1,-58.441480135908776,-166.9879581329767
Twitching motility,1,246.1135778749249,-467.8984486746448
Twitching motility,1,216.61532594028898,62.08189645363079
Twitching motility,1,-693.907152631675,-52.999365892231
Twitching motility,1,-139.69012789506706,337.6361874911025
Twitching motility,1,-86.45927634074022,339.47624150691223
Twitching motility,1,288.1488904119697,331.56459795780506
Twitching motility,1,-139.43568669027263,-587.4796773741784
Twitching motility,1,-97.40031860379369,-453.06837850375734
Twitching motility,1,-127.30374131159755,389.036822936173
Twitching motility,1,13.043434070185846,-388.8099195600381
Twitching motility,1,-271.97834038667963,23.11688351268435
Twitching motility,1,355.1097737643829,-417.2427180642586
Twitching motility,1,309.6905832595156,-226.8318212990637
Twitching motility,1,-382.8156650369158,-92.25393439482797
Twitching motility,1,75.92904214100751,-142.46128798030432
Twitching motility,1,-346.009151507639,-77.69508377809224
Twitching motility,1,369.4237493709272,-154.223884270863
Twitching motility,1,271.50590887978143,-327.99296765800005
Twitching motility,1,-2.302735807059581,-192.96800605869257
Twitching motility,1,-224.38691938541606,161.12233660714435
Twitching motility,1,-19.129596102881482,-191.24734440688906
Twitching motility,1,-140.16277543165504,-85.66906110166555
Twitching motility,1,-378.1221353711143,364.6902672288137
Twitching motility,1,169.84337513213293,296.377232110548
Twitching motility,1,-302.7992447184019,-83.37819775574162
Twitching motility,1,521.6270812096334,8.049630796746882
Twitching motility,1,-372.321585580023,430.03599931898185
Twitching motility,1,-78.784615752742,36.060366667446566
Twitching motility,1,74.4626363027643,233.9925389836544
Twitching motility,1,58.47136423340325,205.82559312232587
Twitching motility,1,-266.4852902552222,-478.477496107907
Twitching motility,1,-133.31637269226673,275.34786828645895
Twitching motility,1,182.55003941306316,-558.5139684945449
Twitching motility,1,130.8739241423297,-164.7603058292466
Twitching motility,1,-357.7711279119276,-74.23564216428046
Twitching motility,1,-160.52530615168976,106.49836214531712
Twitching motility,1,35.97572648048402,116.06332549103439
Twitching motility,1,-234.0426671548626,-250.93023403053954
Twitching motility,1,-444.3424715462519,279.9734515587339
Twitching motility,1,88.359354080647,-547.1090495252556
Twitching motility,1,-159.58329703619023,-215.93239533502313
Twitching motility,1,-160.06968646428663,-218.14196988870353
Twitching motility,1,84.56282529627967,37.46572206294988
Twitching motility,1,-135.48049591827333,184.99772598112932
Twitching motility,1,-416.8145460110407,-573.6373876614841
Twitching motility,1,-18.335847050983787,-164.43555823246822
Twitching motility,1,270.19936373324384,369.2205531336714
Twitching motility,1,148.24823185764242,563.7246330103131
Twitching motility,1,-367.21872011794227,-180.17166648321518
Twitching motility,1,80.08808692057467,169.80846038900307
Twitching motility,1,278.03789336926513,-22.548288059479567
Twitching motility,1,-169.9615222788407,-258.1755566361856
Twitching motility,1,195.10811757582613,-209.54228301345825
Twitching motility,1,175.20852059145778,-165.2721284201275
Twitching motility,1,276.8970395179807,-135.61162770997026
Twitching motility,1,-237.01944435115118,106.71836699919439
Twitching motility,1,272.1020953378664,135.64176128015623
Twitching motility,1,265.38409781733344,-408.6311563175315
Twitching motility,1,336.235115254913,6.952514249642951
Twitching motility,1,27.743747529949477,118.288323800216
Twitching motility,1,-219.38450133065317,201.0698537122173
Twitching motility,1,473.59183341052886,-461.39898000897324
Twitching motility,1,179.41641179408413,-502.2487154809263
Twitching motility,1,7.610681108873456,-126.56334008049637
Twitching motility,1,-135.866482692502,-114.5334942198496
Twitching motility,1,-9.29093938657411,-136.52227275889862
Twitching motility,1,-658.0382042584937,129.7851941839737
Twitching motility,1,-194.76078011580162,-36.66485626615718
Twitching motility,1,6.620206943780187,-342.249767416372
Twitching motility,1,212.71198071745448,220.61525905546395
Twitching motility,1,-300.74579651621036,73.0146415449593
Twitching motility,1,-74.13390823330188,352.63440020422337
Twitching motility,1,40.86420541388801,239.46957035007023
Twitching motility,1,298.1589926625686,152.07474915813043
Twitching motility,1,-683.2851245964986,20.002998751537373
Twitching motility,1,-247.32875102294173,334.62968536564273
Twitching motility,1,249.48421036022668,5.547714177457624
Twitching motility,1,-1.2912168835057125,387.3036295238069
Twitching motility,1,-337.80698641801337,-17.255629485046825
Twitching motility,1,-256.6619407613724,154.3180737551021
Twitching motility,1,150.12236387141118,122.41292230210259
Twitching motility,1,-566.4776309036013,-213.24065642925558
Twitching motility,1,-110.12073740272238,-112.9567857044355
Twitching motility,1,-159.17103577846345,90.88637907011376
Twitching motility,1,-8.084396441042305,-575.2671381492751
Twitching motility,1,38.44418783165184,-50.690853940973774
Twitching motility,1,-125.44148809276085,-75.89828016031096
Twitching motility,1,-134.83328769473044,485.9575359290458
Twitching motility,1,-393.90246113677944,151.25944247679485
Twitching motility,1,94.46873373092215,15.50505130048557
Twitching motility,1,18.345121469091996,94.50985118581741
Twitching motility,1,878.8591259401874,-260.9651630589326
Twitching motility,1,744.2535775855367,-346.8350458333039
Twitching motility,1,268.8415947845252,-218.76099323993452
Twitching motility,1,152.52322933608247,-120.36688091441121
Twitching motility,1,362.5175765799365,-258.31116497113885
Twitching motility,1,-438.39543555134054,216.05345770803982
Twitching motility,1,153.71335374443038,328.6353949129658
Twitching motility,1,-169.78369157958213,65.39070771210797
Twitching motility,1,116.67754141104528,113.65622761726529
Twitching motility,1,535.2138553576812,-22.276874337149827
Twitching motility,1,245.4563551428934,-62.666557982776155
Twitching motility,1,-152.763951799045,-317.34048977504324
Twitching motility,1,-165.69203143729388,41.524908523413444
Twitching motility,1,-466.1206627473263,138.93843115762562
Twitching motility,1,-157.33347871741833,158.13405616721388
Twitching motility,1,-329.8838562325048,520.7929180069057
Twitching motility,1,281.91487313231823,37.24900881414234
Twitching motility,1,99.43123993318888,303.68665628824726
Twitching motility,1,-377.31918324089105,22.971142619980146
Twitching motility,1,305.4360679435879,-895.2347050775373
Twitching motility,1,362.2577609849961,468.58487030290496
Twitching motility,1,-144.81387952193816,110.61416052755264
Twitching motility,1,820.755937312167,15.375185938374889
Twitching motility,1,-305.4590046615494,-248.14348039100096
Twitching motility,1,-35.256467024765705,294.02748374908316
Twitching motility,1,49.73001715420908,367.69829398513684
Twitching motility,1,-181.02356233864666,188.95646310255364
Twitching motility,1,149.62192518555025,289.2292737884104
Twitching motility,1,160.9985716141559,-101.54088952873093
Twitching motility,1,-129.42969234901386,-228.66728967737907
Twitching motility,1,-130.29509020741557,-419.95444790542285
Twitching motility,1,-180.5276817259079,-23.877130442970177
Twitching motility,1,-366.9095192583244,176.60476905304296
Twitching motility,1,168.40850361126562,-356.17863046851505
Twitching motility,1,-410.9706598024323,270.29878988688824
Twitching motility,1,130.9542805947926,464.2940788381787
Twitching motility,1,-214.86301429809873,18.944774840679408
Twitching motility,1,-99.3798228153789,-599.8617824086222
Twitching motility,1,33.6715049853471,178.22305426226023
Twitching motility,1,-110.92983656263492,96.88532699198852
Twitching motility,1,74.8061802468137,478.53286970533827
Twitching motility,1,293.5726259369684,324.72943122909606
Twitching motility,1,419.1904279632952,-403.0259230318244
Twitching motility,1,31.330869538323203,282.41829599899677
Twitching motility,1,-627.8997698201291,316.075576356791
Twitching motility,1,408.1667794616006,-85.91891663848698
Twitching motility,1,240.409128762707,115.4718478046058
Twitching motility,1,-603.2110625630157,-220.00060850204233
Twitching motility,1,56.578123956091204,140.4278908353322
Twitching motility,1,-218.80284622961338,174.9384695970061
Twitching motility,1,361.82764351967495,148.33259357208505
Twitching motility,1,-508.72747201860165,205.75197379997576
Twitching motility,1,344.51569680096895,-155.24354801016113
Twitching motility,1,239.23589149513478,-492.52018263318007
Twitching motility,1,-16.54018797952246,33.93095696265756
Twitching motility,1,-155.72361364489367,452.44351865523976
Twitching motility,1,-134.19282897602957,-150.9770112119931
Twitching motility,1,-104.20135097421658,-33.182845867671325
Twitching motility,1,-160.87706062243635,339.98119128913606
Twitching motility,1,-318.8393660907345,-3.8630457848240467
Twitching motility,1,160.37115773906876,-514.5420841089788
Twitching motility,1,62.19137876970313,-6.930203130679347
Twitching motility,1,62.47940646382747,-188.45327488553104
Twitching motility,1,508.75903749510496,-354.8143427979987
Twitching motility,1,-23.1965723964763,34.27735500094028
Twitching motility,1,-56.70175153835111,166.28890588718497
Twitching motility,1,-231.3559313461071,228.36972869098625
Twitching motility,1,87.30585290116522,-88.12723786057055
Twitching motility,1,879.2980433109839,-300.3546622451086
Twitching motility,1,-522.2166979838291,48.23084564824515
Twitching motility,1,-676.2912563177367,-507.35813030969393
Twitching motility,1,847.9693954791633,113.36958464519985
Twitching motility,1,10.184896577989146,-82.10066374714927
Twitching motility,1,-253.7624598342183,-511.3740777010627
Twitching motility,1,116.2161028988927,-392.79300289571
Twitching motility,1,-618.7537318260776,146.43705136822663
Twitching motility,1,90.45334033305458,-169.18164972230738
Twitching motility,1,298.6682612559303,-293.9369706565296
Twitching motility,1,48.45311178048965,34.95727186425699
Twitching motility,1,274.8589344398814,-296.70653547211583
Twitching motility,1,-199.8638044669662,-191.72211142450865
Twitching motility,1,142.2355093367373,142.0387427161461
Twitching motility,1,-549.6920030235938,518.04920578231
Twitching motility,1,154.2259711551741,209.41979595464926
Twitching motility,1,415.84612442633,-135.73471608723426
Twitching motility,1,-74.39205884475075,-264.3136305751093
Twitching motility,1,-289.47811543768745,-311.7965091441679
Twitching motility,1,107.30597849684737,56.30318481613407
Twitching motility,1,-54.89271452605843,-474.03777707682065
Twitching motility,1,96.70468172314315,-363.56287738430245
Twitching motility,1,-529.9745341708159,-2.3105173209870444
Twitching motility,1,-269.9072714210149,115.46995490904796
Twitching motility,1,75.94476958837309,-176.7930634903706
Twitching motility,1,-120.3435354579609,-226.53354475668618
Twitching motility,1,333.8102898431043,354.7760142951414
Twitching motility,1,-130.8409914467617,267.34683825342313
Twitching motility,1,148.20845551894485,-431.8779216200152
Twitching motility,1,-273.04169424325045,-145.53816857413656
Twitching motility,1,172.37444552332983,-138.24904820573644
Twitching motility,1,-365.03447775153523,-481.5669161718726
Twitching motility,1,147.46164202568576,42.36234863513925
Twitching motility,1,16.937600870268703,614.1619198361224
Twitching motility,1,-371.56276538927193,607.4511827134146
Twitching motility,1,-123.90978740718587,367.5255142228797
Twitching motility,1,-13.084953602291742,126.5684904344047
Twitching motility,1,95.88031530050182,377.9564750786615
Twitching motility,1,-434.92770941748773,-288.6321471976696
Twitching motility,1,118.36784053692372,-142.4765246140595
Twitching motility,1,21.149256952520208,126.27785434571874
Twitching motility,1,-48.18383585515962,13.704286296786265
Twitching motility,1,370.75499957243613,574.8924135254039
Twitching motility,1,6.4759022633384475,164.89185255483497
Twitching motility,1,529.3676869133895,-382.68835188779605
Twitching motility,1,-29.2448721229256,1.2702476221807872
Twitching motility,1,46.78568654406419,-121.08005785828269
Twitching motility,1,219.96353460503545,-468.14888468025197
Twitching motility,1,81.09553109167956,-260.7516635308805
Twitching motility,1,12.360163831210114,222.09324027488066
Twitching motility,1,100.83075486187774,-319.9748038941271
Twitching motility,1,108.97054892858426,154.35749899528008
Twitching motility,1,273.08202293503035,408.18253691081753
Twitching motility,1,-109.68034681580724,-162.32572103027357
Twitching motility,1,-199.81559656583227,-206.28135404758828
Twitching motility,1,-299.0213580621605,-175.03524667960824
Twitching motility,1,-364.32852099282456,-57.9409173133482
Twitching motility,1,98.52233619959253,-252.39163722392112
Twitching motility,1,-277.80750574554526,-453.78131105422216
Twitching motility,1,-144.75548788476632,-218.96262442726854
Twitching motility,1,16.551900051533107,188.51335585722327
Twitching motility,1,-234.0583751126362,138.70938033130048
Twitching motility,1,25.754531296128476,-141.9802661456087
Twitching motility,1,1.4448319040652964,358.34387576619565
Twitching motility,1,71.86780891846074,141.78002323803813
Twitching motility,1,471.71118423898605,-559.3412549091942
Twitching motility,1,-72.34806973544178,-66.02791677972351
Twitching motility,1,-42.57664173878185,-122.03010519303449
Twitching motility,1,-8.277477029647192,-183.5083238249825
Twitching motility,1,-42.44051595988307,-268.68350330396896
Twitching motility,1,84.86498670406927,461.5664041302975
Twitching motility,1,-92.85062773156577,-560.4992627349102
Twitching motility,1,-253.37672835694605,-335.68158429972107
Twitching motility,1,-41.58988362165879,-373.56303240453764
Twitching motility,1,38.116053732165554,84.88989520685384
Twitching motility,1,553.8569435491046,-322.55973668436707
Twitching motility,1,-288.7512865413447,-232.33224373358692
Twitching motility,1,-560.1557601364553,119.4821767880463
Twitching motility,1,-133.13381187206522,379.01754039048734
Twitching motility,1,195.89174235889377,263.1544637753707
Twitching motility,1,-167.43945074887088,886.8781115719621
Twitching motility,1,20.46894738678819,254.11071462541915
Twitching motility,1,-48.76704433858379,314.842941195105
Twitching motility,1,895.321538889538,-168.1475114198493
Twitching motility,1,-707.6666798136724,125.53264545408791
Twitching motility,1,361.9543254043105,-199.37841588933287
Twitching motility,1,298.1980002408293,-136.88981580526539
Twitching motility,1,676.9424328136064,-203.08870118211317
Twitching motility,1,165.00155404612832,-163.2407030648832
Twitching motility,1,99.37690178588949,-273.51961519922196
Twitching motility,1,-68.8332867114492,-83.85869402260059
Twitching motility,1,-352.99881185071473,467.4426312737802
Twitching motility,1,241.0811369129868,-320.74453506020774
Twitching motility,1,92.32049013615303,-427.7196449250803
Twitching motility,1,433.55859754547964,329.6632115937114
Twitching motility,1,340.93422314971616,287.71081766106556
Twitching motility,1,-187.8420297359695,611.7782003361938
Twitching motility,1,-31.776388876226736,-16.409583451918518
Twitching motility,1,-30.904247929230937,-35.49594617825513
Twitching motility,1,254.3677164545964,-423.4990498158755
Twitching motility,1,-341.48688802877035,-466.70874658986844
Twitching motility,1,731.3032726078543,181.39746838730613
Twitching motility,1,218.8940222831078,225.45667313705962
Twitching motility,1,787.1606511374331,566.8016032503368
Twitching motility,1,552.622474284458,154.03452667882527
Twitching motility,1,-88.55004678921082,688.9953390354328
Twitching motility,1,-429.20857290959316,-496.1598516206808
Twitching motility,1,118.89536717656637,-545.9835115261565
Twitching motility,1,139.13089755369404,180.87024257979598
Twitching motility,1,73.21738577069054,-214.69550396308867
Twitching motility,1,-365.33884819113916,-126.22690923875246
Twitching motility,1,20.692591824092126,-387.6169159554856
Twitching motility,1,55.19344189761102,172.91142385963374
Twitching motility,1,181.3622836441338,-149.12307707951237
Twitching motility,1,-52.18242515539448,-36.81431071656098
Twitching motility,1,-84.7529753257722,71.99908551432603
Twitching motility,1,-639.8280999269372,190.4574467239438
Twitching motility,1,-275.5929527101752,-545.5112151005951
Twitching motility,1,19.985116051346445,-183.66440545053098
Twitching motility,1,-37.844380253724005,369.13355458356557
Twitching motility,1,-760.8002594454665,490.7525586654506
Twitching motility,1,439.1854369963779,-249.35075042708957
Twitching motility,1,-346.0672430373645,-264.99906331247695
Twitching motility,1,413.31586484711033,98.66315083073157
Twitching motility,1,-192.0948208872072,-322.5684421662055
Twitching motility,1,-194.785445834789,194.13124358898582
Twitching motility,1,-224.53135212613878,385.59149050798146
Twitching motility,1,334.08535976910815,-19.8907764674707
Twitching motility,1,-60.49649851351911,228.56355555154326
Twitching motility,1,-252.33226799995535,76.84516720664197
Twitching motility,1,252.54506643995367,-373.1253426949984
Twitching motility,1,60.914393879949444,-373.2042333510661
Twitching motility,1,-461.6178359550574,93.36599204249973
Twitching motility,1,0.6451036493849891,-136.4105206529804
Twitching motility,1,591.6712484707583,291.00598133415895
Twitching motility,1,25.438560571712106,50.395025531515515
Twitching motility,1,324.13422879057686,-105.9839792146539
Twitching motility,1,21.029482606051793,-147.69336067614645
Twitching motility,1,-88.51786560711982,91.5993154368512
Twitching motility,1,-56.48733039259184,115.51045667942711
Twitching motility,1,149.2591900304613,-214.26474647341462
Twitching motility,1,125.83248919278932,-670.740994891372
Twitching motility,1,186.18388747188948,-266.7810406144803
Twitching motility,1,216.83187041432637,-153.26293149191775
Twitching motility,1,197.87531506823012,146.97958681339023
Twitching motility,1,283.48091907303075,-206.38846157245035
Twitching motility,1,76.67638372082044,176.99157391677392
Twitching motility,1,0.4968657257123961,-266.688713447236
Twitching motility,1,-253.13958176842976,-474.35076144545155
Twitching motility,1,-90.77174255295802,-233.81317615870896
Twitching motility,1,-201.17175817406965,-223.6373167883669
Twitching motility,1,12.284303838316397,-318.60789089958917
Twitching motility,1,-78.56820322790207,-154.4769670882403
Twitching motility,1,113.12160602771216,215.42623886146112
Twitching motility,1,-168.77289047745649,-147.96791921427845
Twitching motility,1,-426.6050619645641,47.589944291694785
Twitching motility,1,-73.81059133995866,-161.8798029021615
Twitching motility,1,143.92879931059352,213.79800183110777
Twitching motility,1,-138.30903465429367,-45.57047286282463
Twitching motility,1,50.34539566469419,130.19031546183342
Twitching motility,1,731.910932813142,-192.48186275046865
Twitching motility,1,-306.8404135427836,-307.3525254461729
Twitching motility,1,34.23899184825361,-209.69085838126756
Twitching motility,1,69.1034476433595,-35.32824080084657
Twitching motility,1,-22.865567585516406,99.91136959802132
Twitching motility,1,-40.79309402415891,-211.78263087262437
Twitching motility,1,510.5860729509384,277.59540820937235
Twitching motility,1,519.2118579740704,-365.62050864720516
Twitching motility,1,-309.68406306976215,-221.14974537130115
Twitching motility,1,394.93492197518754,119.91832093307211
Twitching motility,1,505.1204962423641,298.52589007218256
Twitching motility,1,-53.61716108482209,-80.44713614529098
Twitching motility,1,359.8912837195062,-78.83904115560814
Twitching motility,1,552.6452382617011,-502.4429483979284
Twitching motility,1,216.3338659414026,-213.26626093963333
Twitching motility,1,130.74005572185732,-15.379588225132784
Twitching motility,1,82.3145199546673,30.904927589024137
Twitching motility,1,-155.2635938092716,-2.8486613178860214
Twitching motility,1,-628.6085616064983,-11.093383848382038
Twitching motility,1,-109.22735856036824,204.99344114154593
Twitching motility,1,504.13405950183824,79.53835459173413
Twitching motility,1,-315.51729733825056,-9.308641874832725
Twitching motility,1,-252.64107852391098,448.99403663634405
Twitching motility,1,560.1900806496518,-21.38779267318232
Twitching motility,1,375.4564576494438,41.23136807963165
Twitching motility,1,-48.46953859602159,227.98076535493553
Twitching motility,1,3.0267035349098075,-422.9399144454755
Twitching motility,1,17.021505935874984,-45.077289457074016
Twitching motility,1,-469.96778470228145,-273.65404326513504
Twitching motility,1,143.73358789812255,-1.8206818005913568
Twitching motility,1,6.59544408015926,63.59748660424023
Twitching motility,1,-259.27229724365105,141.39631900947936
Twitching motility,1,239.67085336441485,392.54431591057227
Twitching motility,1,82.75218043916665,246.51390507780405
Twitching motility,1,168.97729076260168,139.58318845565807
Twitching motility,1,-50.622500648259866,-341.1871896863353
Twitching motility,1,330.4802253350924,74.38336788225386
Twitching motility,1,89.13365905544943,-104.2156915483805
Twitching motility,1,-12.006617362763194,140.2111108268639
Twitching motility,1,108.28740546944003,11.550001099166735
Twitching motility,1,-204.04506849498438,114.75639210443875
Twitching motility,1,-143.93788696542492,69.24022741536787
Twitching motility,1,2.159410120453891,-571.0768991618418
Twitching motility,1,560.2870870057178,-349.84944169230494
Twitching motility,1,441.05198429185964,6.329243054587324
Twitching motility,1,451.7334638094365,474.41800916287093
Twitching motility,1,113.32668039483865,386.70738811098636
Twitching motility,1,-38.47941415482534,-284.7881986702629
Twitching motility,1,364.40408362914036,-152.7129141187968
Twitching motility,1,-478.7766415007623,-217.83757442413707
Twitching motility,1,200.85858741743095,337.70584469842896
Twitching motility,1,-146.60756165917059,67.57708157549197
Twitching motility,1,-141.50324358140884,-257.90770870042877
Twitching motility,1,-61.298861142886324,-81.34333021052808
Twitching motility,1,515.5330643965486,-212.3466424968913
Twitching motility,1,12.784513311131967,437.1509516313416
Twitching motility,1,-108.37601753404583,-93.61317572712626
Twitching motility,1,-446.5589875402332,364.2672925696415
Twitching motility,1,431.8464039109796,286.40005222767894
Twitching motility,1,-326.79900026877283,-84.01582878661608
Twitching motility,1,90.34115091421656,210.30708431606908
Twitching motility,1,492.8325418352777,50.105969880825086
Twitching motility,1,-695.709584140264,-421.92276551051077
Twitching motility,1,-545.8804251447796,53.49053854983014
Twitching motility,1,120.06260674984829,-310.9138579640984
Twitching motility,1,137.2339748516065,-17.682347340007347
Twitching motility,1,-504.7476330917134,-260.2073105199273
Twitching motility,1,21.820450879087076,-394.82256064881653
Twitching motility,1,224.20358848444576,314.28780814946793
Twitching motility,1,214.1166676879825,333.8168633278736
Twitching motility,1,-398.37756643489274,-76.86154377334829
Twitching motility,1,-353.4143616364155,-184.71421177571133
Twitching motility,1,57.940918421938534,-204.03529709498585
Twitching motility,1,193.07985567846194,-247.24017019467016
Twitching motility,1,-119.20423969789869,-425.83651925594324
Twitching motility,1,28.744443867198946,-160.23934753347575
Twitching motility,1,-219.7546427429373,159.59013368248523
Twitching motility,1,-125.2089160462336,-36.98954463232061
Twitching motility,1,-208.8982049803709,-149.11186184429442
Twitching motility,1,-0.017570438537206086,244.64481569338773
Twitching motility,1,-220.8690801625665,105.03972498457269
Twitching motility,1,-82.05099838169106,347.0556695036869
Twitching motility,1,39.59407914725371,236.02127290334758
Twitching motility,1,44.103490461945434,191.81314863483766
Twitching motility,1,-280.804949699535,-22.322921043788533
Twitching motility,1,52.58276143003404,-440.9061868169458
Twitching motility,1,37.908510555402366,311.02438858793533
Twitching motility,1,36.622964867738986,86.96451672626496
Twitching motility,1,143.30005531086348,-272.47205074741476
Twitching motility,1,527.1134728875876,18.706670597996855
Twitching motility,1,-176.17175176829687,562.4154508034218
Twitching motility,1,-98.08546609581656,-182.19015363689638
Twitching motility,1,-272.55343102294006,611.4672991315757
Twitching motility,1,133.4897893906617,337.5186040576799
Twitching motility,1,172.85264084044644,45.75054189245595
Twitching motility,1,-97.49395339520242,-212.6649461276845
Twitching motility,1,-206.2681968726459,-150.82529971370366
Twitching motility,1,404.3514450041439,254.43849124602505
Twitching motility,1,403.7386294011454,190.89172075649998
Twitching motility,1,1.6742247177608105,-409.8208672925983
Twitching motility,1,-139.04735249504955,551.2231254344748
Twitching motility,1,-1.1060334094604558,159.9292716943349
Twitching motility,1,-168.08353929527593,-72.04025001365115
Twitching motility,1,-308.7797820207753,-56.58953721219925
Twitching motility,1,100.00430081518616,261.6584142640377
Twitching motility,1,-141.5839913271776,-563.5207620263064
Twitching motility,1,-273.4252733916922,-221.77282063919353
Twitching motility,1,-212.0095454707777,-549.1180000685081
Twitching motility,1,-233.7598862074337,-530.1305975092205
Twitching motility,1,-191.16065474976438,105.93876216131244
Twitching motility,1,250.36853720242303,-108.88987105935239
Twitching motility,1,-75.05851048906453,299.926673965214
Twitching motility,1,-19.763696883595742,-325.36966760472507
Twitching motility,1,-120.46530239091109,580.9166124743067
Twitching motility,1,-395.16771708933,-319.7487263064305
Twitching motility,1,435.7172725332328,218.5462298071319
Twitching motility,1,72.49342958921748,550.1308386929372
Twitching motility,1,-199.7959130207766,-425.7922238992231
Twitching motility,1,527.6341841560304,-460.00254428048294
Twitching motility,1,-556.546617973002,-227.74514587193377
Twitching motility,1,-171.56960047658905,-246.24955690976068
Twitching motility,1,-408.0186573538443,383.0044460422293
Twitching motility,1,-17.146066335133312,286.4516946816672
Twitching motility,1,41.00318641471828,61.57042910241822
Twitching motility,1,195.02983763144678,146.62089067608986
Twitching motility,1,-15.518166106908367,16.347487158651944
Twitching motility,1,-170.5538246517433,279.46553242620115
Twitching motility,1,221.6245019911678,-4.275077098151256
Twitching motility,1,-490.400757437958,512.6329114901425
Twitching motility,1,-792.199419192537,-6.925394491673867
Twitching motility,1,224.24938243513728,356.8369633536118
Twitching motility,1,-132.0956473682063,-227.30737404727572
Twitching motility,1,211.70311752283627,45.44732535041466
Twitching motility,1,-225.4279211785092,-158.60002333283538
Twitching motility,1,-218.18229297680284,-181.63939917013965
Twitching motility,1,-116.65389805513364,27.179225519415887
Twitching motility,1,-54.72562420170756,-195.84533847774546
Twitching motility,1,-322.4038687482912,-48.47430589503456
Twitching motility,1,205.1255964957313,-481.5255737164136
Twitching motility,1,-151.1833344619275,-211.86420100887705
Twitching motility,1,508.4327237699522,251.2207248002341
Twitching motility,1,197.84776023575938,9.63505500004484
Twitching motility,1,-44.55724588571513,72.13569785550693
Twitching motility,1,-314.78510286019224,105.73591268133372
Twitching motility,1,-157.36699087809188,145.33762535116773
Twitching motility,1,-150.48302497967128,-300.69217090941584
Twitching motility,1,-231.27485583113176,-46.56334319128028
Twitching motility,1,293.59764486058344,-51.141577511228355
Twitching motility,1,294.82696052210713,-315.13636544958933
Twitching motility,1,-465.734333098232,-354.33677361276744
Twitching motility,1,713.9098159481105,190.2456799243362
Twitching motility,1,47.26615202796456,27.863676440193498
Twitching motility,1,38.260453777314105,590.4711039046274
Twitching motility,1,-23.308491556809038,26.201463432908238
Twitching motility,1,-238.1431735569675,160.0377933216982
Twitching motility,1,-29.175894585247878,259.6741040762551
Twitching motility,1,566.8698023979351,187.61297584074134
Twitching motility,1,397.4392271039687,317.80827886216355
Twitching motility,1,-396.5816254182839,108.4340175456403
Twitching motility,1,165.21361702300146,-712.4409001199355
Twitching motility,1,-105.37114025437411,-34.04938113050901
Twitching motility,1,384.50162630418725,-266.8546977798949
Twitching motility,1,-64.92390206038769,-318.2706699055824
Twitching motility,1,391.914110741053,-343.4679648609249
Twitching motility,1,-5.427801775440272,9.545117081656398
Twitching motility,1,325.4694534058258,441.0656321787931
Twitching motility,1,-423.586310778835,390.55118303490065
Twitching motility,1,-78.50297314896437,-85.41795383390472
Twitching motility,1,-42.757049029462166,367.14776334922294
Twitching motility,1,202.18123189274039,-711.4335855935684
Twitching motility,1,-82.27767868593986,266.69784910491825
Twitching motility,1,-344.225922607857,516.2701241819493
Twitching motility,1,93.39336728367492,18.176497253911553
Twitching motility,1,-194.77068462925521,-92.35876065447542
Twitching motility,1,397.8998782392015,173.53757825102653
Twitching motility,1,-308.7492795282771,-334.0714830931583
Twitching motility,1,-195.1440133060618,93.00776550646222
Twitching motility,1,-243.83321603564033,-57.11285891543271
Twitching motility,1,-48.425831843504874,255.20596260902315
Twitching motility,1,224.3657303282562,148.02227938657856
Twitching motility,1,-91.35880563812967,-111.5860935495363
Twitching motility,1,-43.78044729782035,565.3183195074222
Twitching motility,1,-107.73646494689505,145.37067572705746
Twitching motility,1,488.03181413873045,-134.34055021921895
Twitching motility,1,-153.37220097306118,-105.00448529391848
Twitching motility,1,-228.83287312451893,-233.99217772199336
Twitching motility,1,-104.67712386748315,182.1268254164237
Twitching motility,1,24.113248321014012,111.50866754802043
Twitching motility,1,-143.51333888968267,112.4942624843822
Twitching motility,1,77.54184131862573,-372.3536173338178
Twitching motility,1,-19.377217147209635,-5.929294039346073
Twitching motility,1,-421.04178687074926,-37.08513514549746
Twitching motility,1,-358.4116600749246,-99.37830242395275
Twitching motility,1,109.61806228942392,-154.37931290052515
Twitching motility,1,172.02828333438703,318.1146620950124
Twitching motility,1,-219.34350138371036,147.14281938594337
Twitching motility,1,-30.08805365335733,27.104295699770493
Twitching motility,1,-174.1553540986513,470.37072033279435
Twitching motility,1,-379.3793172928296,667.3241863170568
Twitching motility,1,-489.69727149466263,-197.4252000422671
Twitching motility,1,295.6977455004393,494.17677238445737
Twitching motility,1,91.68093497533408,380.8333051657568
Twitching motility,1,689.6738082630374,-120.81188178673194
Twitching motility,1,-60.51925005894561,195.91100734894584
Twitching motility,1,-334.9192706822114,222.38387122016618
Twitching motility,1,302.99359798009965,4.475049648344887
Twitching motility,1,-135.8391624327646,542.0258244211979
Twitching motility,1,-50.48146066017209,-77.21159042205876
Twitching motility,1,-314.57664224215205,5.270562795183714
Twitching motility,1,-55.79428862423644,367.7297846101103
Twitching motility,1,21.93747327508631,-196.77081075825052
Twitching motility,1,31.70622254032204,-11.303640458016025
Twitching motility,1,-53.876777657411914,242.94608083440744
Twitching motility,1,8.674456208048596,-69.59863012375419
Twitching motility,1,150.5707464071418,1.2449321849890926
Twitching motility,1,-120.26319896311573,479.4443490273554
Twitching motility,1,-80.76651854220121,480.8094434604805
Twitching motility,1,-231.67764532446995,-187.813607525317
Twitching motility,1,-416.44583742291485,476.08477644065
Twitching motility,1,77.04426234366431,-656.5816912131585
Twitching motility,1,287.14719268194233,-166.07089385131138
Twitching motility,1,104.0535164076688,-266.11895971662005
Twitching motility,1,384.2786904248441,148.8973609588923
Twitching motility,1,-32.44396167099899,-271.4584662031875
Twitching motility,1,188.02280505001914,363.0736822962966
Twitching motility,1,361.184423012335,-119.82074269178314
Twitching motility,1,-78.18154114914923,83.6244248260986
Twitching motility,1,-7.316061781316539,-54.684629046657435
Twitching motility,1,34.526001369009094,-320.18698663824233
Twitching motility,1,53.82426342017063,353.98875472397015
Twitching motility,1,203.92793894529945,-289.95745977413077
Twitching motility,1,186.24549368651407,-617.6962771124915
Twitching motility,1,-106.3479437546606,276.9323009618092
Twitching motility,1,-308.3790479745995,3.641410731332971
Twitching motility,1,-391.1900168990832,-39.73748808239593
Twitching motility,1,-144.65388663921553,136.8001909318539
Twitching motility,1,-194.54648103897622,119.204887260757
Twitching motility,1,-473.23339438476904,71.51081219795392
Twitching motility,1,69.55480506597065,-469.3160363312787
Twitching motility,1,-514.8756859493643,-260.31361432891913
Twitching motility,1,325.503957912641,-446.766786081534
Twitching motility,1,-134.92521817626007,-203.54612596508446
Twitching motility,1,-520.9749950459794,-92.84939516046971
Twitching motility,1,283.6490851180299,-93.20811805424748
Twitching motility,1,-39.01233730404224,-86.65702582629447
Twitching motility,1,-690.8408873605433,403.7814898278338
Twitching motility,1,20.711013627522277,342.45887979745766
Twitching motility,1,412.7779723138168,-365.6483987157938
Twitching motility,1,49.037899883032104,-526.5953074927979
Twitching motility,1,265.5805180312215,-365.7260041268685
Twitching motility,1,155.38245747293186,-109.25890067099172
